counts	instances_pre	instances_post
1	2072967	1069862
2	728472	561318
3	692409	554059
4	676070	557781
5	622263	531649
6	539826	476829
7	437391	388648
8	335427	310459
9	240555	224085
10	166462	158033
11	110633	110326
12	72204	74178
13	46790	47806
14	30567	35050
15	20453	23692
16	14713	17138
17	10697	13376
18	8736	10604
19	6786	8040
20	5735	7187
21	4894	5861
22	4003	4959
23	3414	4162
24	3000	3671
25	2599	3227
26	2496	3083
27	2077	2666
28	1673	2231
29	1721	2082
30	1522	1929
31	1280	1685
32	1141	1743
33	1143	1640
34	1021	1313
35	963	1302
36	855	1178
37	714	1044
38	698	1028
39	606	972
40	652	1002
41	559	936
42	593	983
43	473	854
44	444	664
45	427	594
46	441	683
47	470	628
48	399	611
49	346	628
50	357	541
51	316	495
52	283	487
53	309	480
54	271	432
55	269	450
56	264	479
57	209	404
58	194	356
59	199	350
60	190	318
61	149	301
62	172	329
63	113	305
64	181	258
65	167	289
66	146	251
67	117	247
68	140	259
69	125	219
70	127	230
71	142	257
72	157	248
73	137	232
74	138	181
75	137	245
76	89	218
77	66	185
78	92	146
79	63	196
80	82	170
81	86	226
82	79	163
83	77	164
84	58	188
85	79	124
86	41	143
87	64	184
88	46	143
89	66	135
90	55	143
91	57	130
92	40	103
93	36	134
94	73	116
95	73	110
96	57	92
97	67	157
98	62	141
99	48	109
100	53	80
101	49	105
102	33	91
103	23	79
104	48	106
105	22	112
106	32	71
107	31	86
108	31	74
109	22	69
110	27	80
111	30	122
112	53	98
113	24	90
114	31	52
115	33	44
116	25	84
117	26	63
118	37	54
119	32	45
120	18	55
121	53	84
122	25	56
123	30	45
124	20	56
125	31	46
126	24	70
127	13	79
128	19	47
129	15	72
130	26	70
131	8	56
132	13	56
133	24	72
134	20	54
135	22	51
136	20	45
137	14	69
138	27	57
139	15	56
140	16	31
141	15	42
142	8	57
143	17	50
144	12	54
145	10	38
146	16	49
147	14	32
148	17	34
149	12	39
150	15	45
151	11	34
152	14	29
153	6	24
154	12	37
155	10	34
156	16	23
157	6	40
158	10	29
159	4	32
160	2	26
161	12	40
162	4	41
163	9	38
164	11	17
165	15	44
166	8	59
167	12	32
168	13	51
169	11	34
170	8	21
171	9	42
172	8	32
173	9	23
174	10	29
175	6	35
176	5	32
177	12	45
178	19	40
179	4	29
180	6	24
181	15	37
182	4	24
183	4	31
184	10	20
185	2	9
186	4	28
187	14	30
188	8	17
189	4	18
190	7	22
191	4	23
192	10	22
193	4	28
194	12	24
195	7	19
196	0	24
197	4	20
198	6	41
199	2	22
200	8	19
201	0	28
202	7	18
203	2	29
204	4	15
205	7	16
206	2	7
207	4	24
208	10	40
209	4	17
210	2	13
211	4	29
212	6	13
213	4	18
214	6	12
215	2	16
216	2	19
217	16	17
218	2	17
219	10	15
220	4	14
221	9	15
222	11	13
223	0	31
224	7	24
225	4	22
226	3	17
227	6	21
228	3	18
229	2	35
230	6	14
231	2	16
232	0	15
233	2	6
234	6	11
235	4	27
236	0	1
237	6	11
238	6	12
239	2	16
240	4	12
241	4	11
242	5	16
243	0	5
244	10	3
245	6	6
246	2	32
247	6	21
248	2	17
249	0	19
250	4	10
251	0	16
252	4	18
253	2	14
254	4	7
255	6	13
256	4	24
257	0	22
258	4	5
259	2	4
260	0	2
261	2	12
262	0	12
263	3	14
264	5	14
265	2	7
266	0	7
267	4	1
268	2	9
269	2	12
270	6	7
271	4	4
272	6	17
273	6	7
274	2	5
275	2	10
276	2	9
277	2	5
278	0	10
279	2	22
280	2	6
281	4	17
282	3	4
283	0	16
284	0	2
285	4	6
286	4	16
287	0	2
288	4	10
289	2	4
291	0	8
292	0	4
293	0	7
294	2	9
295	2	11
296	0	12
297	0	2
298	0	5
299	0	2
300	0	9
301	4	6
302	0	10
303	0	2
304	2	18
305	4	0
306	0	6
307	0	9
308	4	15
309	2	10
311	0	3
312	0	2
313	4	4
314	0	7
315	2	22
316	0	6
317	6	14
318	2	9
319	0	4
320	3	6
321	4	14
322	4	10
323	6	11
324	2	3
325	4	16
326	0	8
327	0	11
328	2	19
329	4	6
330	0	9
331	2	12
332	0	12
333	4	21
334	2	15
335	2	11
336	0	8
337	0	20
338	3	3
339	0	5
340	0	3
341	0	3
342	2	11
343	4	2
344	2	3
345	2	8
347	4	13
348	2	4
349	0	6
350	2	2
351	2	10
352	0	2
353	9	7
354	0	8
355	0	12
356	0	16
357	0	4
358	0	7
359	2	6
360	2	0
361	0	4
362	0	6
363	0	4
364	0	5
365	0	8
366	0	1
367	0	11
368	0	4
370	2	9
371	0	7
373	0	5
374	2	8
375	2	2
376	4	14
377	0	4
378	0	6
379	4	12
380	0	7
381	0	5
382	0	11
383	5	0
384	2	6
385	0	7
386	0	7
387	2	9
388	0	4
390	0	6
391	0	2
392	2	0
393	0	3
394	0	4
395	2	3
396	0	7
398	2	0
399	2	0
400	5	6
401	0	5
402	0	4
403	0	10
404	0	4
405	2	6
406	0	2
408	0	5
409	2	4
410	2	6
411	3	2
412	4	2
413	2	3
414	0	2
415	2	2
416	2	2
418	0	5
419	0	16
420	0	15
421	0	3
422	2	2
423	0	1
424	0	6
425	0	3
426	0	6
427	2	2
428	0	4
429	0	3
430	2	3
431	0	2
432	0	2
433	0	2
434	2	2
435	0	5
437	4	3
438	0	7
439	0	7
440	0	6
441	0	1
442	0	1
443	0	9
444	2	3
445	2	7
446	1	0
447	1	0
448	2	4
449	0	8
451	4	0
452	0	10
455	0	6
456	2	3
457	0	4
458	0	3
459	2	3
460	0	9
461	0	7
463	0	2
464	0	4
465	0	2
466	0	2
467	2	2
468	0	2
469	0	5
470	2	0
471	2	4
472	0	5
473	0	3
476	0	4
477	0	8
478	3	4
479	0	3
480	0	2
481	0	9
482	0	2
483	0	3
485	0	2
486	2	2
487	0	3
488	0	3
489	0	6
490	0	2
493	3	0
495	0	4
496	2	4
498	0	5
499	0	3
500	0	6
501	0	4
502	0	2
503	2	4
504	0	2
505	0	10
506	2	3
507	0	2
509	0	4
511	2	0
512	0	2
513	0	2
514	0	5
515	0	3
517	0	1
519	0	4
520	2	3
521	0	8
522	0	2
523	0	2
524	0	2
525	2	4
526	2	0
527	0	3
530	0	9
531	0	5
532	0	4
533	0	2
534	0	2
535	0	2
536	0	6
537	2	7
539	0	4
540	0	3
541	0	5
542	0	4
543	0	2
544	0	3
545	0	8
546	0	2
549	2	3
550	0	2
551	0	2
552	0	4
554	2	2
555	0	5
556	0	2
558	0	6
559	0	2
560	0	3
562	0	2
563	0	2
564	0	3
565	0	1
566	0	5
567	0	2
568	0	5
569	0	12
570	0	3
572	0	4
575	0	3
577	2	0
578	0	1
580	0	2
581	2	2
583	0	2
586	0	3
587	0	3
588	0	2
589	0	4
590	0	3
594	2	0
598	0	3
601	2	3
602	2	0
603	2	2
604	0	2
605	0	2
606	0	2
612	2	4
613	0	2
614	0	4
616	0	4
617	0	2
618	0	5
620	0	3
621	0	2
623	2	0
624	0	3
625	0	6
626	2	3
628	0	2
629	2	0
633	0	13
634	0	3
635	0	2
636	0	1
638	0	2
641	0	2
643	2	3
646	0	2
648	0	1
649	0	1
652	0	2
654	2	0
656	2	0
657	4	0
663	0	2
665	0	11
669	0	6
671	0	1
672	0	2
673	0	5
674	0	2
675	0	2
676	0	2
677	0	2
678	0	2
679	0	1
680	2	0
683	0	2
686	0	1
688	2	7
691	0	2
692	0	4
698	2	2
699	0	2
700	0	1
701	0	2
703	0	2
705	0	9
707	0	2
708	0	2
709	0	18
710	0	4
711	2	2
717	0	2
721	0	1
722	0	2
724	0	4
727	0	2
728	2	0
729	2	0
731	0	3
735	0	2
736	0	2
737	0	2
739	0	2
742	0	2
743	0	2
744	0	9
745	0	2
747	0	11
748	0	2
749	2	2
750	0	3
751	0	2
753	0	2
757	0	3
758	0	3
762	0	2
767	0	2
772	0	2
779	0	2
788	0	2
789	2	2
792	0	9
793	0	2
796	0	2
799	2	0
800	2	3
802	2	4
804	0	2
806	0	2
807	2	0
808	0	1
811	0	3
812	0	2
819	0	2
832	0	2
833	0	9
838	0	2
842	0	5
844	0	1
845	0	3
846	0	2
847	0	2
848	0	2
854	0	3
855	0	2
860	0	1
863	0	2
864	0	1
865	0	2
866	0	3
867	0	1
873	0	1
874	0	2
875	0	1
877	0	2
878	0	1
880	0	10
881	0	2
884	0	1
886	0	1
888	0	4
889	0	1
890	0	1
892	0	2
894	0	2
896	0	2
899	0	1
900	0	2
901	0	4
904	0	2
905	0	4
907	0	2
915	0	1
916	0	2
919	0	1
923	0	2
927	0	2
940	0	2
942	0	4
945	0	2
946	0	6
947	0	2
951	0	2
953	0	2
956	0	1
957	0	2
959	0	2
961	0	2
964	0	3
965	2	1
966	0	2
971	0	9
973	0	1
981	2	0
989	0	3
990	0	1
994	0	5
996	0	2
997	0	2
998	0	1
1006	0	5
1007	0	1
1013	0	1
1014	0	1
1015	0	3
1024	0	2
1026	0	3
1030	0	2
1034	0	2
1035	0	2
1041	0	2
1042	0	1
1043	0	2
1046	0	2
1052	0	4
1055	0	2
1060	0	1
1063	0	1
1064	0	1
1065	0	3
1070	0	1
1073	0	2
1077	0	9
1078	0	11
1082	0	1
1086	0	1
1090	0	9
1093	0	2
1095	0	2
1098	0	2
1106	0	2
1108	0	6
1110	0	2
1116	0	2
1118	0	2
1130	0	2
1131	0	2
1134	2	0
1140	2	0
1146	0	2
1147	0	3
1154	0	2
1168	0	2
1169	0	2
1170	2	0
1179	0	3
1181	0	2
1196	0	2
1202	0	3
1203	0	2
1208	0	1
1210	0	1
1214	0	2
1232	0	9
1233	0	2
1241	0	2
1246	0	1
1256	0	2
1286	0	2
1289	0	3
1300	0	2
1306	0	2
1316	0	1
1324	0	1
1334	0	2
1339	0	2
1344	0	2
1374	0	2
1384	0	3
1390	0	1
1401	0	2
1428	0	2
1429	0	2
1431	0	3
1436	0	2
1453	0	2
1457	0	2
1465	0	2
1474	0	2
1494	0	2
1497	0	2
1508	2	2
1530	0	2
1541	0	2
1549	0	2
1566	2	0
1572	0	1
1575	0	2
1576	0	1
1582	0	2
1583	0	1
1586	0	2
1593	0	1
1607	0	2
1615	0	3
1624	0	3
1634	0	2
1636	0	2
1639	0	2
1644	0	2
1648	0	2
1658	0	2
1659	0	2
1671	0	2
1677	2	0
1682	0	2
1689	0	2
1695	0	2
1718	0	2
1721	0	2
1739	0	2
1740	0	1
1746	0	1
1764	0	2
1768	0	2
1774	0	2
1780	0	3
1786	0	2
1813	0	2
1837	0	9
1839	0	4
1872	0	5
1897	0	2
1937	0	2
1944	0	3
1948	0	1
1949	0	1
1951	0	2
1962	0	2
1989	0	2
2020	0	2
2031	0	1
2035	0	3
2038	0	2
2042	0	3
2058	0	2
2087	0	1
2090	0	1
2092	0	1
2097	0	2
2100	0	1
2105	0	1
2112	0	2
2124	0	2
2127	0	2
2136	0	1
2156	0	2
2157	0	1
2165	0	2
2175	0	2
2178	0	2
2187	0	2
2216	0	3
2225	0	1
2226	0	2
2282	0	2
2287	0	2
2308	0	2
2323	0	2
2329	2	0
2354	0	2
2386	0	2
2423	0	2
2442	0	2
2449	0	2
2482	0	2
2514	0	2
2516	0	3
2613	0	2
2664	0	2
2674	0	2
2733	0	2
2745	0	1
2753	0	1
2767	0	2
2826	0	2
2834	0	2
3007	0	2
3069	0	2
3243	0	2
3436	0	1
3450	0	1
3452	0	1
3496	0	2
3611	0	1
3649	0	2
3698	0	9
3740	0	1
3741	0	1
3795	0	2
3898	0	2
3935	0	1
3937	0	1
4133	0	2
4600	0	1
4609	0	1
4697	0	2
5049	0	2
5054	0	1
5159	0	2
5229	0	3
5814	0	1
5818	0	2
6158	0	1
6162	0	1
6209	0	2
6241	0	2
6492	0	2
6873	0	1
6874	0	1
7769	0	2
8055	0	3
8128	0	1
8168	0	1
8364	0	2
8365	0	1
8792	0	1
8794	0	1
8915	0	2
8962	0	2
10086	0	2
10501	0	2
12933	0	2
13245	0	2
16990	0	2
21874	0	1
21884	0	1
24317	0	2
55216	0	1
55237	0	1
